intersection,agency,id
TONOPAH & BONANZA,Las Vegas,502a0eb437044cc347000002
TONOPAH & BONANZA,Las Vegas,502a0eb437044cc347000003
TONOPAH & BONANZA,Las Vegas,502a0eb437044cc347000004
TONOPAH & BONANZA,Las Vegas,502a0eb437044cc347000005
TONOPAH & BONANZA,Las Vegas,502a0eb437044cc347000006
TONOPAH & BONANZA,Las Vegas,502a0eb437044cc347000007
TONOPAH & BONANZA,Las Vegas,502a0eb437044cc347000008
TONOPAH & BONANZA,Las Vegas,502a0eb437044cc347000009
TONOPAH & BONANZA,Las Vegas,502a0eb437044cc34700000a
TONOPAH & BONANZA,Las Vegas,502a0eb437044cc34700000b
TONOPAH & BONANZA,Las Vegas,502a0eb437044cc34700000c
TONOPAH & BONANZA,Las Vegas,502a0eb437044cc34700000d
TONOPAH & BONANZA,Las Vegas,502a0eb437044cc34700000e
TONOPAH & BONANZA,Las Vegas,502a0eb437044cc34700000f
TONOPAH & BONANZA,Las Vegas,502a0eb437044cc347000010
TONOPAH & BONANZA,Las Vegas,502a0eb437044cc347000011
TONOPAH & BONANZA,Las Vegas,502a0eb437044cc347000012
TONOPAH & BONANZA,Las Vegas,502a0eb437044cc347000013
TONOPAH & BONANZA,Las Vegas,502a0eb437044cc347000014
TONOPAH & BONANZA,Las Vegas,502a0eb437044cc347000015
TONOPAH & BONANZA,Las Vegas,502a0eb437044cc347000016
TONOPAH & BONANZA,Las Vegas,502a0eb437044cc347000017
TONOPAH & BONANZA,Las Vegas,502a0eb437044cc347000018
TONOPAH & BONANZA,Las Vegas,502a0eb437044cc347000019
TONOPAH & BONANZA,Las Vegas,502a0eb437044cc34700001a
TONOPAH & BONANZA,Las Vegas,502a0eb437044cc34700001b
TONOPAH & BONANZA,Las Vegas,502a0eb437044cc34700001c
TONOPAH & BONANZA,Las Vegas,502a0eb437044cc34700001d
TONOPAH & BONANZA,Las Vegas,502a0eb437044cc34700001e
TONOPAH & BONANZA,Las Vegas,502a0eb437044cc34700001f
TONOPAH & BONANZA,Las Vegas,502a0eb437044cc347000020
TONOPAH & BONANZA,Las Vegas,502a0eb437044cc347000021
TONOPAH & BONANZA,Las Vegas,502a0eb437044cc347000022
TONOPAH & BONANZA,Las Vegas,502a0eb437044cc347000023
TONOPAH & BONANZA,Las Vegas,502a0eb437044cc347000024
TONOPAH & BONANZA,Las Vegas,502a0eb437044cc347000025
TONOPAH & BONANZA,Las Vegas,502a0eb437044cc347000026
TONOPAH & BONANZA,Las Vegas,502a0eb437044cc347000027
TONOPAH & BONANZA,Las Vegas,502a0eb437044cc347000028
TONOPAH & BONANZA,Las Vegas,502a0eb437044cc347000029
TONOPAH & BONANZA,Las Vegas,502a0eb437044cc34700002a
TONOPAH & BONANZA,Las Vegas,502a0eb437044cc34700002b
TONOPAH & BONANZA,Las Vegas,502a0eb437044cc34700002c
TONOPAH & BONANZA,Las Vegas,502a0eb437044cc34700002d
TONOPAH & BONANZA,Las Vegas,502a0eb437044cc34700002e